timestamp,CPU_ALL:User%,CPU_ALL:Sys%,MEM:memtotal,MEM:hightotal,MEM:lowtotal,MEM:swapfree,MEM:active,MEM:inactive,NET:eno1-write-KB/s,NET:eno1-read-KB/s,DISKBUSY:sda,DISKREAD:sda,DISKWRITE:sda
1650973830,0.3,0.5,31568.1,-0.0,-0.0,48610.3,10901.0,8903.3,21.6,79.6,0.0,0.0,3.6
1650973831,0.1,0.1,31568.1,-0.0,-0.0,48610.3,10901.0,8903.5,4.2,4.3,0.0,0.0,0.0
1650973832,0.1,0.1,31568.1,-0.0,-0.0,48610.3,10901.0,8903.5,4.2,4.8,0.0,0.0,0.0
1650973833,0.0,0.0,31568.1,-0.0,-0.0,48610.3,10901.0,8903.5,4.2,4.1,0.0,0.0,0.0
1650973834,0.3,0.1,31568.1,-0.0,-0.0,48610.3,10901.0,8903.8,4.2,4.3,0.0,0.0,0.0
1650973835,7.4,0.7,31568.1,-0.0,-0.0,48610.3,10901.1,8948.9,23.4,27.0,0.0,0.0,59.6
1650973836,7.7,0.7,31568.1,-0.0,-0.0,48610.3,10901.1,8963.8,6.0,5.6,2.0,0.0,89.5
1650973837,7.7,0.7,31568.1,-0.0,-0.0,48610.3,10901.1,8977.8,4.3,4.1,0.0,0.0,0.0
1650973838,7.2,0.5,31568.1,-0.0,-0.0,48610.3,10901.1,8980.2,4.4,4.0,0.0,0.0,0.0
1650973839,7.1,0.5,31568.1,-0.0,-0.0,48610.3,10901.1,8980.5,4.4,3.8,0.0,0.0,0.0
1650973840,7.9,0.8,31568.1,-0.0,-0.0,48610.3,10901.1,8981.1,27.5,4.9,0.0,0.0,0.0
1650973841,8.2,1.0,31568.1,-0.0,-0.0,48610.3,10901.1,9003.7,4.6,4.2,0.0,0.0,0.0
1650973842,7.8,0.7,31568.1,-0.0,-0.0,48610.3,10901.1,9024.9,4.5,4.1,3.0,0.0,39.7
1650973843,7.3,0.6,31568.1,-0.0,-0.0,48610.3,10901.1,9027.7,5.0,4.6,0.0,0.0,0.0
1650973844,8.1,0.7,31568.1,-0.0,-0.0,48610.3,10901.1,9022.5,4.5,4.2,0.0,0.0,0.0
1650973845,7.9,0.7,31568.1,-0.0,-0.0,48610.3,10901.1,9019.3,25.3,4.6,0.0,0.0,0.0
1650973846,7.6,0.6,31568.1,-0.0,-0.0,48610.3,10901.1,9015.5,4.8,5.2,0.0,0.0,0.0
1650973847,7.5,0.6,31568.1,-0.0,-0.0,48610.3,10901.1,9018.6,4.7,4.2,0.0,0.0,0.0
1650973848,7.6,0.7,31568.1,-0.0,-0.0,48610.3,10901.1,9020.9,4.7,4.2,0.0,0.0,0.0
1650973849,7.6,0.6,31568.1,-0.0,-0.0,48610.3,10901.1,9023.6,4.8,4.1,3.0,0.0,15.8
1650973850,7.7,0.7,31568.1,-0.0,-0.0,48610.3,10901.1,9020.9,23.3,4.2,0.0,0.0,0.0
1650973851,7.4,0.6,31568.1,-0.0,-0.0,48610.3,10901.1,9020.0,4.8,4.2,0.0,0.0,87.6
1650973852,7.1,0.4,31568.1,-0.0,-0.0,48610.3,10901.1,9024.2,4.7,4.1,0.0,0.0,0.0
1650973853,7.5,0.7,31568.1,-0.0,-0.0,48610.3,10901.1,9028.9,4.8,4.3,0.0,0.0,0.0
1650973854,7.4,0.4,31568.1,-0.0,-0.0,48610.3,10901.1,9030.8,4.8,4.3,0.0,0.0,0.0
1650973855,7.6,0.7,31568.1,-0.0,-0.0,48610.3,10901.1,9027.6,25.5,4.7,0.0,0.0,0.0
1650973856,7.4,0.6,31568.1,-0.0,-0.0,48610.3,10901.1,9032.3,5.1,4.2,0.0,0.0,0.0
1650973857,7.7,0.7,31568.1,-0.0,-0.0,48610.3,10901.1,9034.8,6.5,4.7,0.0,0.0,0.0
1650973858,7.7,0.6,31568.1,-0.0,-0.0,48610.3,10901.1,9049.1,5.0,4.3,0.0,0.0,0.0
1650973859,7.2,0.4,31568.1,-0.0,-0.0,48610.3,10901.1,9042.4,5.6,4.9,3.0,0.0,15.9
1650973860,7.7,0.7,31568.1,-0.0,-0.0,48610.3,10901.1,9042.6,27.3,4.7,0.0,0.0,0.0
1650973861,7.7,0.5,31568.1,-0.0,-0.0,48610.3,10901.1,9045.2,5.9,5.1,0.0,0.0,0.0
1650973862,9.2,1.2,31568.1,-0.0,-0.0,48610.3,10901.1,9041.2,5.1,4.6,0.0,0.0,0.0
1650973863,6.9,0.4,31568.1,-0.0,-0.0,48610.3,10901.2,9048.6,5.2,4.3,0.0,0.0,0.0
1650973864,7.7,0.8,31568.1,-0.0,-0.0,48610.3,10901.2,9048.4,5.8,4.7,0.0,0.0,0.0
1650973865,7.2,0.5,31568.1,-0.0,-0.0,48610.3,10901.2,9054.7,26.8,5.2,0.0,0.0,0.0
1650973866,7.8,0.7,31568.1,-0.0,-0.0,48610.3,10901.2,9052.3,5.4,4.7,0.0,0.0,1129.7
1650973867,7.7,0.6,31568.1,-0.0,-0.0,48610.3,10901.2,9057.6,5.4,4.4,0.0,0.0,0.0
1650973868,7.4,0.6,31568.1,-0.0,-0.0,48610.3,10901.2,9054.7,5.4,4.3,0.0,0.0,0.0
1650973869,7.3,0.6,31568.1,-0.0,-0.0,48610.3,10901.2,9048.9,5.6,4.4,2.0,0.0,35.9
1650973870,7.5,0.6,31568.1,-0.0,-0.0,48610.3,10901.2,9049.3,26.2,4.9,0.0,0.0,0.0
1650973871,6.4,0.2,31568.1,-0.0,-0.0,48610.3,10901.2,9037.1,5.5,4.3,1.0,0.0,4.0
1650973872,7.7,0.7,31568.1,-0.0,-0.0,48610.3,10901.2,9039.1,5.6,4.3,0.0,0.0,0.0
1650973873,7.9,0.7,31568.1,-0.0,-0.0,48610.3,10901.2,9038.9,5.6,4.3,0.0,0.0,0.0
1650973874,7.6,0.4,31568.1,-0.0,-0.0,48610.3,10901.2,9048.5,5.6,4.2,0.0,0.0,0.0
1650973875,7.3,0.7,31568.1,-0.0,-0.0,48610.3,10901.2,9052.0,29.2,4.7,0.0,0.0,0.0
1650973876,7.0,0.4,31568.1,-0.0,-0.0,48610.3,10901.2,9039.7,5.7,4.3,0.0,0.0,0.0
1650973877,7.0,0.4,31568.1,-0.0,-0.0,48610.3,10901.2,9048.2,5.8,3.8,4.0,0.0,19.9
1650973878,7.3,0.7,31568.1,-0.0,-0.0,48610.3,10901.2,9052.5,5.7,3.9,0.0,0.0,0.0
1650973880,7.1,0.4,31568.1,-0.0,-0.0,48610.3,10901.2,9039.7,5.8,4.2,0.0,0.0,0.0
1650973881,7.2,0.6,31568.1,-0.0,-0.0,48610.3,10901.2,9049.2,6.1,4.2,0.0,0.0,0.0
1650973882,7.5,0.5,31568.1,-0.0,-0.0,48610.3,10901.2,9053.0,28.8,4.9,0.0,0.0,0.0
1650973883,7.1,0.3,31568.1,-0.0,-0.0,48610.3,10901.2,9040.5,6.1,4.2,0.0,0.0,0.0
1650973884,7.6,0.7,31568.1,-0.0,-0.0,48610.3,10901.2,9040.1,6.1,4.2,0.0,0.0,0.0
1650973885,7.2,0.5,31568.1,-0.0,-0.0,48610.3,10901.2,9042.6,6.1,4.2,0.0,0.0,0.0
1650973886,7.5,0.6,31568.1,-0.0,-0.0,48610.3,10901.2,9057.3,6.3,4.5,0.0,0.0,0.0
1650973887,7.7,0.6,31568.1,-0.0,-0.0,48610.3,10901.2,9049.3,28.5,4.8,0.0,0.0,0.0
1650973888,7.5,0.5,31568.1,-0.0,-0.0,48610.3,10901.2,9048.9,6.3,4.2,0.0,0.0,0.0
1650973889,7.3,0.5,31568.1,-0.0,-0.0,48610.3,10901.2,9059.9,6.3,4.1,0.0,0.0,0.0
1650973890,7.8,0.7,31568.1,-0.0,-0.0,48610.3,10901.2,9062.2,6.8,4.7,3.0,0.0,15.9
1650973891,6.8,0.3,31568.1,-0.0,-0.0,48610.3,10901.2,9050.3,6.4,4.4,0.0,0.0,0.0
1650973892,6.8,0.3,31568.1,-0.0,-0.0,48610.3,10901.2,9057.3,27.5,5.0,0.0,0.0,0.0
1650973893,7.8,0.7,31568.1,-0.0,-0.0,48610.3,10901.2,9064.0,6.4,4.8,0.0,0.0,27.9
1650973894,8.1,0.6,31568.1,-0.0,-0.0,48610.3,10901.2,9064.8,6.4,4.4,0.0,0.0,0.0
1650973895,7.4,0.6,31568.1,-0.0,-0.0,48610.3,10901.2,9065.4,8.6,6.1,0.0,0.0,0.0
1650973896,7.7,0.5,31568.1,-0.0,-0.0,48610.3,10901.2,9070.0,7.6,5.2,0.0,0.0,0.0
1650973897,9.4,0.9,31568.1,-0.0,-0.0,48610.3,10901.2,9070.8,29.5,4.9,0.0,0.0,0.0
1650973898,7.8,0.6,31568.1,-0.0,-0.0,48610.3,10901.2,9061.0,6.6,4.2,0.0,0.0,47.4
1650973899,7.9,0.8,31568.1,-0.0,-0.0,48610.3,10901.2,9083.1,6.7,4.2,0.0,0.0,0.0
1650973900,8.6,1.1,31568.1,-0.0,-0.0,48610.3,10901.2,9088.4,6.5,4.2,1.0,0.0,27.8
1650973901,9.4,0.9,31568.1,-0.0,-0.0,48610.3,10901.2,9091.1,6.8,4.6,0.0,0.0,0.0
1650973902,7.7,0.6,31568.1,-0.0,-0.0,48610.3,10901.2,9051.8,23.6,4.7,0.0,0.0,0.0
1650973903,7.2,0.8,31568.1,-0.0,-0.0,48610.3,10901.2,9078.8,6.9,4.2,0.0,0.0,0.0
1650973904,9.5,1.1,31568.1,-0.0,-0.0,48610.3,10901.2,9085.6,7.6,5.3,0.0,0.0,0.0
1650973905,9.2,1.0,31568.1,-0.0,-0.0,48610.3,10901.2,9086.2,6.8,4.2,0.0,0.0,0.0
1650973906,7.4,0.6,31568.1,-0.0,-0.0,48610.3,10901.2,9089.4,6.9,4.2,0.0,0.0,0.0
1650973907,9.3,1.0,31568.1,-0.0,-0.0,48610.3,10901.2,9094.7,25.7,4.8,0.0,0.0,0.0
1650973908,9.5,1.2,31568.1,-0.0,-0.0,48610.3,10901.2,9094.7,7.0,4.2,1.0,0.0,787.6
1650973909,7.6,0.6,31568.1,-0.0,-0.0,48610.3,10901.2,9095.1,7.1,4.2,0.0,0.0,23.9
1650973910,8.9,1.1,31568.1,-0.0,-0.0,48610.3,10901.2,9089.1,6.8,4.0,2.0,0.0,0.0
1650973911,7.2,0.4,31568.1,-0.0,-0.0,48610.3,10901.2,9090.0,8.0,5.0,0.0,0.0,0.0
1650973912,6.9,0.3,31568.1,-0.0,-0.0,48610.3,10901.2,9100.6,25.5,4.7,0.0,0.0,0.0
1650973913,7.9,0.7,31568.1,-0.0,-0.0,48610.3,10901.2,9094.8,7.4,4.5,0.0,0.0,0.0
1650973914,8.4,0.9,31568.1,-0.0,-0.0,48610.3,10901.2,9087.6,7.3,4.2,0.0,0.0,0.0
1650973915,7.9,0.7,31568.1,-0.0,-0.0,48610.3,10901.2,9091.7,7.3,4.2,0.0,0.0,0.0
1650973916,9.0,0.9,31568.1,-0.0,-0.0,48610.3,10901.2,9098.3,7.4,3.8,0.0,0.0,0.0
1650973917,7.1,0.3,31568.1,-0.0,-0.0,48610.3,10901.2,9096.3,26.1,4.3,0.0,0.0,0.0
1650973918,7.6,0.6,31568.1,-0.0,-0.0,48610.3,10901.2,9108.4,7.4,4.3,0.0,0.0,4.0
1650973919,9.2,1.1,31568.1,-0.0,-0.0,48610.3,10901.2,9109.3,7.6,4.4,0.0,0.0,0.0
1650973920,9.4,1.2,31568.1,-0.0,-0.0,48610.3,10901.2,9112.0,7.5,4.1,2.0,0.0,15.9
1650973921,9.2,0.9,31568.1,-0.0,-0.0,48610.3,10901.2,9112.2,8.3,5.0,0.0,0.0,0.0
1650973922,8.2,0.7,31568.1,-0.0,-0.0,48610.3,10901.2,9104.2,22.9,5.2,0.0,0.0,0.0
1650973923,7.5,0.4,31568.1,-0.0,-0.0,48610.3,10901.2,9110.5,7.5,4.3,0.0,0.0,0.0
1650973924,7.9,0.7,31568.1,-0.0,-0.0,48610.3,10901.2,9113.1,7.5,4.3,0.0,0.0,0.0
1650973925,7.1,0.4,31568.1,-0.0,-0.0,48610.3,10901.2,9097.1,8.1,4.8,0.0,0.0,0.0
1650973926,7.4,0.6,31568.1,-0.0,-0.0,48610.3,10901.2,9085.3,7.8,4.7,0.0,0.0,0.0
1650973927,7.1,0.6,31568.1,-0.0,-0.0,48610.3,10901.2,9095.1,30.5,5.0,0.0,0.0,0.0
1650973928,7.3,0.6,31568.1,-0.0,-0.0,48610.3,10901.2,9085.8,7.8,4.2,2.0,0.0,35.8
1650973929,8.4,0.8,31568.1,-0.0,-0.0,48610.3,10901.2,9098.1,7.8,4.4,0.0,0.0,0.0
1650973930,7.4,0.6,31568.1,-0.0,-0.0,48610.3,10901.2,9091.1,7.9,4.3,0.0,0.0,0.0
1650973931,7.7,0.8,31568.1,-0.0,-0.0,48610.3,10901.3,9100.0,8.0,4.3,0.0,0.0,0.0
1650973932,7.9,0.7,31568.1,-0.0,-0.0,48610.3,10901.2,9099.6,28.3,5.0,0.0,0.0,0.0
1650973933,8.1,0.7,31568.1,-0.0,-0.0,48610.3,10901.3,9103.7,7.9,4.2,1.0,0.0,39.7
1650973934,7.7,0.7,31568.1,-0.0,-0.0,48610.3,10901.3,9098.0,8.0,4.2,0.0,0.0,0.0
1650973935,7.6,0.6,31568.1,-0.0,-0.0,48610.3,10901.3,9099.2,7.9,4.3,0.0,0.0,0.0
1650973936,7.4,0.6,31568.1,-0.0,-0.0,48610.3,10901.3,9099.0,8.1,4.4,0.0,0.0,0.0
1650973937,7.5,0.6,31568.1,-0.0,-0.0,48610.3,10901.3,9107.4,29.5,4.8,0.0,0.0,0.0
1650973938,7.7,0.6,31568.1,-0.0,-0.0,48610.3,10901.3,9101.5,8.1,4.3,0.0,0.0,0.0
1650973939,8.3,0.8,31568.1,-0.0,-0.0,48610.3,10901.3,9096.1,8.1,4.2,2.9,0.0,15.7
1650973940,6.8,0.4,31568.1,-0.0,-0.0,48610.3,10901.3,9096.7,4.1,4.3,0.0,0.0,0.0
1650973941,7.1,0.5,31568.1,-0.0,-0.0,48610.3,10901.3,9107.1,4.2,4.2,0.0,0.0,0.0
1650973942,7.9,0.6,31568.1,-0.0,-0.0,48610.3,10901.3,9103.7,23.7,4.6,0.0,0.0,0.0
1650973943,7.3,0.6,31568.1,-0.0,-0.0,48610.3,10901.3,9095.7,4.2,4.4,0.0,0.0,0.0
1650973944,7.8,0.6,31568.1,-0.0,-0.0,48610.3,10901.3,9099.0,4.2,4.2,0.0,0.0,0.0
1650973945,7.6,0.7,31568.1,-0.0,-0.0,48610.3,10901.3,9099.3,4.3,4.1,0.0,0.0,0.0
1650973946,7.1,0.5,31568.1,-0.0,-0.0,48610.3,10901.3,9098.0,4.3,4.3,0.0,0.0,0.0
1650973947,8.0,0.7,31568.1,-0.0,-0.0,48610.3,10901.3,9100.4,4.3,4.1,0.0,0.0,0.0
1650973948,7.6,0.7,31568.1,-0.0,-0.0,48610.3,10901.3,9106.2,25.7,6.6,0.0,0.0,0.0
1650973949,7.8,0.8,31568.1,-0.0,-0.0,48610.3,10901.3,9101.8,4.4,5.1,0.0,0.0,1130.5
1650973950,7.8,0.7,31568.1,-0.0,-0.0,48610.3,10901.3,9111.0,4.9,7.2,3.0,0.0,23.9
1650973951,6.9,0.4,31568.1,-0.0,-0.0,48610.3,10901.3,9104.1,4.5,4.2,0.0,0.0,0.0
1650973952,7.8,0.8,31568.1,-0.0,-0.0,48610.3,10901.3,9105.7,4.5,7.5,0.0,0.0,0.0
1650973953,7.7,0.7,31568.1,-0.0,-0.0,48610.3,10901.3,9111.8,28.7,5.1,0.0,0.0,0.0
1650973954,7.9,0.5,31568.1,-0.0,-0.0,48610.3,10901.3,9108.3,4.6,4.1,0.0,0.0,7.9
1650973955,7.6,0.6,31568.1,-0.0,-0.0,48610.3,10901.3,9109.0,6.5,5.6,0.0,0.0,0.0
1650973956,7.0,0.2,31568.1,-0.0,-0.0,48610.3,10901.3,9108.1,6.0,5.3,0.0,0.0,0.0
1650973957,7.8,0.7,31568.1,-0.0,-0.0,48610.3,10901.3,9107.7,113.7,19.9,0.0,0.0,0.0
1650973958,7.9,0.7,31568.1,-0.0,-0.0,48610.3,10901.3,9098.6,27.7,4.9,0.0,0.0,0.0
1650973959,6.7,0.4,31568.1,-0.0,-0.0,48610.3,10901.3,9113.1,4.8,4.4,5.0,0.0,75.7
1650973960,7.5,0.4,31568.1,-0.0,-0.0,48610.3,10901.3,9108.0,5.0,4.3,0.0,0.0,0.0
1650973961,7.2,0.5,31568.1,-0.0,-0.0,48610.3,10901.3,9115.1,4.9,4.2,0.0,0.0,0.0
1650973962,7.6,0.7,31568.1,-0.0,-0.0,48610.3,10901.3,9121.8,4.8,4.1,0.0,0.0,0.0
1650973963,7.8,0.7,31568.1,-0.0,-0.0,48610.3,10901.3,9121.6,26.6,5.0,0.0,0.0,0.0
1650973964,7.5,0.5,31568.1,-0.0,-0.0,48610.3,10901.3,9120.5,5.0,4.2,0.0,0.0,0.0
1650973965,7.4,0.6,31568.1,-0.0,-0.0,48610.3,10901.3,9121.5,5.0,4.2,0.0,0.0,0.0
1650973966,7.7,0.7,31568.1,-0.0,-0.0,48610.3,10901.3,9123.0,5.1,4.3,0.0,0.0,0.0
1650973967,7.6,0.5,31568.1,-0.0,-0.0,48610.3,10901.3,9120.2,5.0,4.2,0.0,0.0,0.0
1650973968,7.3,0.6,31568.1,-0.0,-0.0,48610.3,10901.3,9116.4,29.8,4.8,0.0,0.0,0.0
1650973969,7.3,0.4,31568.1,-0.0,-0.0,48610.3,10901.3,9117.7,5.1,4.2,2.0,0.0,15.9
1650973970,8.1,0.9,31568.1,-0.0,-0.0,48610.3,10901.3,9115.9,5.2,4.2,0.0,0.0,0.0
1650973971,7.4,0.6,31568.1,-0.0,-0.0,48610.3,10901.3,9118.2,5.3,4.2,0.0,0.0,0.0
1650973972,7.8,0.6,31568.1,-0.0,-0.0,48610.3,10901.3,9118.5,5.2,4.1,0.0,0.0,0.0
1650973973,7.8,0.6,31568.1,-0.0,-0.0,48610.3,10901.3,9117.1,26.7,4.7,0.0,0.0,0.0
1650973974,8.2,0.9,31568.1,-0.0,-0.0,48610.3,10901.3,9127.1,5.4,4.3,1.0,0.0,19.9
1650973975,8.0,0.6,31568.1,-0.0,-0.0,48610.3,10901.3,9133.8,5.4,4.1,0.0,0.0,0.0
1650973976,7.9,0.6,31568.1,-0.0,-0.0,48610.3,10901.3,9130.2,5.6,4.4,0.0,0.0,0.0
1650973977,8.0,0.7,31568.1,-0.0,-0.0,48610.3,10901.3,9132.5,5.5,4.2,0.0,0.0,0.0
1650973978,7.5,0.5,31568.1,-0.0,-0.0,48610.3,10901.3,9129.3,24.5,4.9,0.0,0.0,0.0
1650973979,7.6,0.7,31568.1,-0.0,-0.0,48610.3,10901.3,9127.7,5.7,4.6,2.0,0.0,15.7
1650973980,7.7,0.6,31568.1,-0.0,-0.0,48610.3,10901.3,9132.9,5.6,4.5,0.0,0.0,0.0
1650973981,8.3,0.7,31568.1,-0.0,-0.0,48610.3,10901.3,9128.7,6.4,5.0,0.0,0.0,0.0
1650973982,7.4,0.4,31568.1,-0.0,-0.0,48610.3,10901.3,9131.7,5.7,5.0,0.0,0.0,0.0
1650973983,7.3,0.6,31568.1,-0.0,-0.0,48610.3,10901.3,9129.5,26.0,4.9,0.0,0.0,0.0
1650973984,6.9,0.4,31568.1,-0.0,-0.0,48610.3,10901.3,9136.0,6.3,5.1,1.0,0.0,1135.5
1650973985,7.4,0.6,31568.1,-0.0,-0.0,48610.3,10901.3,9134.5,5.8,4.6,0.0,0.0,0.0
1650973986,7.4,0.6,31568.1,-0.0,-0.0,48610.3,10901.3,9140.8,5.9,4.6,0.0,0.0,0.0
1650973987,7.0,0.4,31568.1,-0.0,-0.0,48610.3,10901.3,9130.8,6.0,5.0,0.0,0.0,0.0
1650973988,7.3,0.6,31568.1,-0.0,-0.0,48610.3,10901.3,9133.1,29.4,5.2,0.0,0.0,0.0
1650973989,7.2,0.4,31568.1,-0.0,-0.0,48610.3,10901.3,9137.5,5.9,4.2,3.0,0.0,39.5
1650973990,7.6,0.4,31568.1,-0.0,-0.0,48610.3,10901.3,9141.9,6.2,4.3,0.0,0.0,0.0
1650973991,7.5,0.7,31568.1,-0.0,-0.0,48610.3,10901.3,9142.0,6.0,4.4,0.0,0.0,0.0
1650973992,7.4,0.5,31568.1,-0.0,-0.0,48610.3,10901.3,9134.0,6.1,4.2,0.0,0.0,0.0
1650973993,6.9,0.4,31568.1,-0.0,-0.0,48610.3,10901.3,9138.1,28.8,4.4,0.0,0.0,0.0
1650973994,7.5,0.5,31568.1,-0.0,-0.0,48610.3,10901.3,9142.0,6.1,3.9,0.0,0.0,0.0
1650973995,7.0,0.5,31568.1,-0.0,-0.0,48610.3,10901.3,9142.4,6.3,4.2,0.0,0.0,0.0
1650973996,7.3,0.5,31568.1,-0.0,-0.0,48610.3,10901.3,9132.6,6.2,4.3,0.0,0.0,0.0
1650973997,6.8,0.3,31568.1,-0.0,-0.0,48610.3,10901.3,9140.9,6.2,4.2,0.0,0.0,0.0
1650973998,7.7,0.6,31568.1,-0.0,-0.0,48610.3,10901.3,9147.5,28.9,5.2,0.0,0.0,0.0
1650973999,6.7,0.4,31568.1,-0.0,-0.0,48610.3,10901.3,9135.5,6.3,4.1,2.0,0.0,19.8
1650974000,6.9,0.5,31568.1,-0.0,-0.0,48610.3,10901.3,9137.9,6.5,4.3,0.0,0.0,0.0
1650974001,7.2,0.6,31568.1,-0.0,-0.0,48610.3,10901.3,9136.0,6.4,4.2,0.0,0.0,0.0
1650974003,7.5,0.7,31568.1,-0.0,-0.0,48610.3,10901.3,9144.4,6.4,4.2,0.0,0.0,0.0
1650974004,7.2,0.4,31568.1,-0.0,-0.0,48610.3,10901.3,9125.3,28.1,4.5,0.0,0.0,0.0
1650974005,7.7,0.6,31568.1,-0.0,-0.0,48610.3,10901.3,9129.2,6.4,4.3,0.0,0.0,0.0
1650974006,6.9,0.4,31568.1,-0.0,-0.0,48610.3,10901.3,9141.9,6.5,4.2,0.0,0.0,0.0
1650974007,7.1,0.4,31568.1,-0.0,-0.0,48610.3,10901.3,9132.6,6.5,4.2,0.0,0.0,0.0
1650974008,7.0,0.4,31568.1,-0.0,-0.0,48610.3,10901.3,9133.4,6.5,4.1,0.0,0.0,0.0
1650974009,6.8,0.6,31568.1,-0.0,-0.0,48610.3,10901.3,9140.0,28.3,4.8,0.0,0.0,0.0
1650974010,7.2,0.7,31568.1,-0.0,-0.0,48610.3,10901.3,9131.9,6.8,4.8,2.9,0.0,47.1
1650974011,7.3,0.4,31568.1,-0.0,-0.0,48610.3,10901.3,9133.7,7.0,4.8,0.0,0.0,0.0
1650974012,7.4,0.6,31568.1,-0.0,-0.0,48610.3,10901.3,9139.4,6.7,4.4,0.0,0.0,0.0
1650974013,7.0,0.5,31568.1,-0.0,-0.0,48610.3,10901.4,9147.6,6.8,5.1,0.0,0.0,0.0
1650974014,7.5,0.7,31568.1,-0.0,-0.0,48610.3,10901.4,9137.9,6.7,4.3,0.0,0.0,0.0
1650974015,7.0,0.3,31568.1,-0.0,-0.0,48610.3,10901.4,9136.1,29.4,6.8,0.0,0.0,0.0
1650974016,6.7,0.3,31568.1,-0.0,-0.0,48610.3,10901.4,9140.6,8.5,5.8,0.0,0.0,43.1
1650974017,7.5,0.7,31568.1,-0.0,-0.0,48610.3,10901.4,9138.8,6.8,4.6,0.0,0.0,0.0
1650974018,7.1,0.4,31568.1,-0.0,-0.0,48610.3,10901.4,9137.0,6.9,4.5,0.0,0.0,0.0
1650974019,6.8,0.5,31568.1,-0.0,-0.0,48610.3,10901.4,9141.2,7.0,4.2,0.0,0.0,0.0
1650974020,7.5,0.4,31568.1,-0.0,-0.0,48610.3,10901.4,9143.8,31.2,5.1,2.0,0.0,27.4
1650974021,6.9,0.6,31568.1,-0.0,-0.0,48610.3,10901.4,9138.0,7.2,4.3,0.0,0.0,0.0
1650974022,7.0,0.2,31568.1,-0.0,-0.0,48610.3,10901.4,9142.6,7.1,4.2,0.0,0.0,0.0
1650974023,7.4,0.5,31568.1,-0.0,-0.0,48610.3,10901.4,9142.4,7.1,4.3,0.0,0.0,0.0
1650974024,7.5,0.7,31568.1,-0.0,-0.0,48610.3,10901.4,9139.2,7.7,4.7,0.0,0.0,0.0
1650974025,6.9,0.2,31568.1,-0.0,-0.0,48610.3,10901.4,9146.3,30.6,4.8,0.0,0.0,0.0
1650974026,7.3,0.6,31568.1,-0.0,-0.0,48610.3,10901.4,9151.9,7.4,4.3,1.0,0.0,782.9
1650974027,7.4,0.7,31568.1,-0.0,-0.0,48610.3,10901.4,9158.2,7.3,4.3,0.0,0.0,0.0
1650974028,7.3,0.7,31568.1,-0.0,-0.0,48610.3,10901.4,9149.4,7.4,4.2,0.0,0.0,0.0
1650974029,7.0,0.3,31568.1,-0.0,-0.0,48610.3,10901.4,9155.1,7.4,4.2,0.0,0.0,0.0
1650974030,7.1,0.4,31568.1,-0.0,-0.0,48610.3,10901.4,9156.7,30.0,4.8,2.9,0.0,23.5
1650974031,7.2,0.6,31568.1,-0.0,-0.0,48610.3,10901.4,9158.0,7.6,4.3,0.0,0.0,0.0
1650974032,7.6,0.6,31568.1,-0.0,-0.0,48610.3,10901.4,9166.7,7.6,3.8,0.0,0.0,0.0
1650974033,6.9,0.4,31568.1,-0.0,-0.0,48610.3,10901.4,9161.0,7.5,3.8,0.0,0.0,0.0
1650974034,7.2,0.5,31568.1,-0.0,-0.0,48610.3,10901.4,9162.4,7.5,4.1,0.0,0.0,0.0
1650974035,7.3,0.5,31568.1,-0.0,-0.0,48610.3,10901.4,9171.0,28.2,4.8,0.0,0.0,0.0
1650974036,7.2,0.5,31568.1,-0.0,-0.0,48610.3,10901.4,9161.2,7.7,4.3,0.0,0.0,0.0
1650974037,6.9,0.4,31568.1,-0.0,-0.0,48610.3,10901.4,9173.8,7.7,4.3,0.0,0.0,0.0
1650974038,7.0,0.5,31568.1,-0.0,-0.0,48610.3,10901.4,9153.2,7.7,4.1,0.0,0.0,0.0
1650974039,7.5,0.5,31568.1,-0.0,-0.0,48610.3,10901.4,9161.3,8.0,4.4,3.0,0.0,15.9
1650974040,7.2,0.5,31568.1,-0.0,-0.0,48610.3,10901.4,9159.7,31.8,4.9,0.0,0.0,0.0
1650974041,6.9,0.3,31568.1,-0.0,-0.0,48610.3,10901.4,9167.1,8.7,4.9,0.0,0.0,0.0
1650974042,7.0,0.4,31568.1,-0.0,-0.0,48610.3,10901.4,9169.8,7.9,4.8,0.0,0.0,0.0
1650974043,7.4,0.6,31568.1,-0.0,-0.0,48610.3,10901.4,9159.9,8.0,4.3,0.0,0.0,0.0
1650974044,7.3,0.5,31568.1,-0.0,-0.0,48610.3,10901.4,9163.4,8.3,4.7,0.0,0.0,0.0
1650974045,7.5,0.6,31568.1,-0.0,-0.0,48610.3,10901.4,9164.1,8.3,4.6,0.0,0.0,0.0
1650974046,6.8,0.3,31568.1,-0.0,-0.0,48610.3,10901.4,9168.4,8.2,4.7,0.0,0.0,0.0
1650974047,7.4,0.5,31568.1,-0.0,-0.0,48610.3,10901.4,9174.9,8.1,4.5,0.0,0.0,0.0
1650974048,7.3,0.6,31568.1,-0.0,-0.0,48610.3,10901.4,9172.1,8.2,4.3,3.0,0.0,31.8
1650974049,7.4,0.4,31568.1,-0.0,-0.0,48610.3,10901.4,9175.1,4.2,4.4,0.0,0.0,0.0
1650974050,7.0,0.4,31568.1,-0.0,-0.0,48610.3,10901.4,9167.6,4.1,4.2,0.0,0.0,0.0
1650974051,7.0,0.2,31568.1,-0.0,-0.0,48610.3,10901.4,9174.0,4.3,4.1,0.0,0.0,35.8
1650974052,7.1,0.4,31568.1,-0.0,-0.0,48610.3,10901.4,9170.2,4.2,4.3,0.0,0.0,0.0
1650974053,7.0,0.3,31568.1,-0.0,-0.0,48610.3,10901.4,9174.7,4.2,4.2,0.0,0.0,0.0
1650974054,7.4,0.6,31568.1,-0.0,-0.0,48610.3,10901.4,9175.2,4.3,4.2,0.0,0.0,0.0
1650974055,7.3,0.4,31568.1,-0.0,-0.0,48610.3,10901.4,9175.4,4.3,4.1,0.0,0.0,0.0
1650974056,7.4,0.5,31568.1,-0.0,-0.0,48610.3,10901.4,9171.7,4.4,4.1,0.0,0.0,0.0
1650974057,6.8,0.4,31568.1,-0.0,-0.0,48610.3,10901.4,9178.1,4.3,4.2,0.0,0.0,0.0
1650974058,7.0,0.4,31568.1,-0.0,-0.0,48610.3,10901.4,9176.5,4.4,4.1,0.0,0.0,0.0
1650974059,7.6,0.7,31568.1,-0.0,-0.0,48610.3,10901.4,9176.8,4.5,4.3,3.0,0.0,15.9
1650974060,7.4,0.6,31568.1,-0.0,-0.0,48610.3,10901.4,9172.9,4.5,4.2,0.0,0.0,0.0
1650974061,6.8,0.3,31568.1,-0.0,-0.0,48610.3,10901.4,9177.4,4.6,4.3,0.0,0.0,0.0
1650974062,7.0,0.4,31568.1,-0.0,-0.0,48610.3,10901.4,9178.6,4.6,4.1,0.0,0.0,0.0
1650974063,7.3,0.7,31568.1,-0.0,-0.0,48610.3,10901.4,9184.1,4.6,4.2,0.0,0.0,0.0
1650974064,7.8,0.6,31568.1,-0.0,-0.0,48610.3,10901.4,9185.9,4.7,4.2,0.0,0.0,0.0
1650974065,7.6,0.6,31568.1,-0.0,-0.0,48610.3,10901.4,9196.0,4.7,4.1,0.0,0.0,0.0
1650974066,6.9,0.4,31568.1,-0.0,-0.0,48610.3,10901.4,9195.0,4.8,4.7,0.0,0.0,1132.4
1650974067,6.6,0.1,31568.1,-0.0,-0.0,48610.3,10901.4,9198.2,4.8,4.1,0.0,0.0,0.0
1650974068,7.0,0.4,31568.1,-0.0,-0.0,48610.3,10901.4,9194.3,4.8,4.3,0.0,0.0,0.0
1650974069,6.9,0.4,31568.1,-0.0,-0.0,48610.3,10901.4,9196.7,4.8,4.2,2.0,0.0,23.9
1650974070,7.0,0.4,31568.1,-0.0,-0.0,48610.3,10901.4,9201.4,126.7,6.1,0.0,0.0,0.0
1650974071,7.1,0.5,31568.1,-0.0,-0.0,48610.3,10901.4,9189.7,5.2,4.1,0.0,0.0,0.0
1650974072,7.4,0.5,31568.1,-0.0,-0.0,48610.3,10901.4,9199.7,4.9,4.3,0.0,0.0,0.0
1650974073,7.7,0.7,31568.1,-0.0,-0.0,48610.3,10901.4,9189.8,5.0,4.1,0.0,0.0,0.0
1650974074,6.8,0.3,31568.1,-0.0,-0.0,48610.3,10901.4,9193.5,6.4,5.5,0.0,0.0,0.0
1650974075,6.8,0.4,31568.1,-0.0,-0.0,48610.3,10901.4,9197.7,5.6,5.3,0.0,0.0,0.0
1650974076,7.2,0.5,31568.1,-0.0,-0.0,48610.3,10901.4,9189.6,6.3,5.3,0.0,0.0,51.5
1650974077,7.2,0.4,31568.1,-0.0,-0.0,48610.3,10901.4,9194.3,5.1,4.2,0.0,0.0,0.0
1650974078,7.4,0.6,31568.1,-0.0,-0.0,48610.3,10901.4,9198.5,5.1,4.3,0.0,0.0,0.0
1650974079,7.0,0.4,31568.1,-0.0,-0.0,48610.3,10901.4,9198.8,5.2,4.1,3.0,0.0,31.7
1650974080,6.6,0.3,31568.1,-0.0,-0.0,48610.3,10901.4,9193.0,5.4,4.2,0.0,0.0,0.0
1650974081,7.2,0.5,31568.1,-0.0,-0.0,48610.3,10901.4,9199.3,5.3,4.1,0.0,0.0,0.0
1650974082,7.3,0.6,31568.1,-0.0,-0.0,48610.3,10901.4,9190.5,5.3,4.2,0.0,0.0,0.0
1650974083,7.5,0.5,31568.1,-0.0,-0.0,48610.3,10901.4,9191.2,5.8,4.6,0.0,0.0,0.0
1650974084,7.4,0.4,31568.1,-0.0,-0.0,48610.3,10901.4,9191.1,5.4,4.1,0.0,0.0,0.0
1650974085,7.3,0.5,31568.1,-0.0,-0.0,48610.3,10901.4,9196.2,5.5,4.4,0.0,0.0,0.0
1650974086,7.8,0.7,31568.1,-0.0,-0.0,48610.3,10901.4,9199.1,5.6,4.4,0.0,0.0,0.0
1650974087,7.6,0.6,31568.1,-0.0,-0.0,48610.3,10901.4,9191.2,5.5,4.2,0.0,0.0,0.0
1650974088,7.8,0.6,31568.1,-0.0,-0.0,48610.3,10901.4,9193.3,5.5,4.5,0.0,0.0,0.0
1650974089,7.8,0.6,31568.1,-0.0,-0.0,48610.3,10901.5,9190.1,5.6,4.2,3.0,0.0,15.8
1650974090,7.6,0.6,31568.1,-0.0,-0.0,48610.3,10901.5,9191.7,5.7,4.3,0.0,0.0,0.0
1650974091,7.7,0.5,31568.1,-0.0,-0.0,48610.3,10901.5,9199.7,5.7,4.5,0.0,0.0,0.0
1650974093,7.7,0.7,31568.1,-0.0,-0.0,48610.3,10901.5,9209.8,5.7,4.4,0.0,0.0,27.8
1650974094,7.4,0.6,31568.1,-0.0,-0.0,48610.3,10901.5,9208.3,5.8,4.3,0.0,0.0,0.0
1650974095,7.4,0.4,31568.1,-0.0,-0.0,48610.3,10901.5,9213.9,5.7,4.4,0.0,0.0,0.0
1650974096,8.0,0.6,31568.1,-0.0,-0.0,48610.3,10901.5,9210.0,5.8,4.4,0.0,0.0,0.0
1650974097,7.5,0.7,31568.1,-0.0,-0.0,48610.3,10901.5,9209.5,5.8,4.4,0.0,0.0,0.0
1650974098,8.2,0.9,31568.1,-0.0,-0.0,48610.3,10901.5,9211.7,5.8,4.3,0.0,0.0,0.0
1650974099,7.8,0.6,31568.1,-0.0,-0.0,48610.3,10901.5,9220.9,5.8,4.2,0.0,0.0,0.0
1650974100,7.0,0.4,31568.1,-0.0,-0.0,48610.3,10901.5,9199.0,6.0,4.5,2.0,0.0,15.9
1650974101,7.6,0.6,31568.1,-0.0,-0.0,48610.3,10901.5,9205.0,6.0,4.3,0.0,0.0,0.0
1650974102,7.6,0.4,31568.1,-0.0,-0.0,48610.3,10901.5,9193.7,120.2,6.6,0.0,0.0,0.0
1650974103,7.5,0.6,31568.1,-0.0,-0.0,48610.3,10901.5,9205.7,6.0,5.1,0.0,0.0,0.0
1650974104,7.9,0.7,31568.1,-0.0,-0.0,48610.3,10901.5,9211.3,6.0,4.3,0.0,0.0,0.0
1650974105,7.4,0.6,31568.1,-0.0,-0.0,48610.3,10901.5,9204.6,6.5,4.7,0.0,0.0,4.0
1650974106,7.5,0.6,31568.1,-0.0,-0.0,48610.3,10901.5,9210.6,6.2,4.3,0.0,0.0,0.0
1650974107,7.6,0.7,31568.1,-0.0,-0.0,48610.3,10901.5,9214.8,6.1,4.3,0.0,0.0,0.0
1650974108,7.5,0.6,31568.1,-0.0,-0.0,48610.3,10901.5,9197.6,6.1,4.1,1.0,0.0,1137.5
1650974109,7.3,0.6,31568.1,-0.0,-0.0,48610.3,10901.5,9212.9,6.2,4.3,0.0,0.0,0.0
1650974110,7.1,0.4,31568.1,-0.0,-0.0,48610.3,10901.5,9208.7,6.2,3.8,2.0,0.0,67.5
1650974111,7.4,0.6,31568.1,-0.0,-0.0,48610.3,10901.5,9200.8,6.5,3.9,0.0,0.0,0.0
1650974112,8.2,0.8,31568.1,-0.0,-0.0,48610.3,10901.5,9194.9,6.3,4.2,0.0,0.0,0.0
1650974113,7.8,0.6,31568.1,-0.0,-0.0,48610.3,10901.5,9204.0,6.4,4.3,0.0,0.0,4.0
1650974114,7.8,0.6,31568.1,-0.0,-0.0,48610.3,10901.5,9216.5,6.4,4.3,0.0,0.0,0.0
1650974115,7.5,0.6,31568.1,-0.0,-0.0,48610.3,10901.5,9217.7,6.4,4.2,0.0,0.0,0.0
1650974116,7.2,0.4,31568.1,-0.0,-0.0,48610.3,10901.5,9220.3,6.6,4.2,0.0,0.0,0.0
1650974117,7.4,0.6,31568.1,-0.0,-0.0,48610.3,10901.5,9203.5,6.5,4.2,0.0,0.0,0.0
1650974118,7.1,0.4,31568.1,-0.0,-0.0,48610.3,10901.5,9215.2,9.7,4.7,0.0,0.0,0.0
1650974119,7.5,0.8,31568.1,-0.0,-0.0,48610.3,10901.5,9209.2,6.6,4.3,2.0,0.0,15.9
1650974120,7.7,0.6,31568.1,-0.0,-0.0,48610.3,10901.6,9238.5,23.0,20.8,0.0,0.0,0.0
1650974121,7.5,1.0,31568.1,-0.0,-0.0,48610.3,10901.6,9232.2,265.9,293.9,0.0,0.0,0.0
1650974122,7.8,0.9,31568.1,-0.0,-0.0,48610.3,10901.6,9209.5,153.8,139.7,0.0,0.0,0.0
1650974123,9.0,2.3,31568.1,-0.0,-0.0,48610.3,10901.6,9216.9,27.6,43.3,0.0,0.0,15.9
1650974124,7.5,0.7,31568.1,-0.0,-0.0,48610.3,10901.6,9221.0,6.8,4.6,0.0,0.0,0.0
1650974125,7.7,0.7,31568.1,-0.0,-0.0,48610.3,10901.6,9221.8,6.7,4.2,0.0,0.0,0.0
1650974126,7.6,0.8,31568.1,-0.0,-0.0,48610.3,10901.6,9225.5,7.0,4.6,0.0,0.0,0.0
1650974127,7.7,0.5,31568.1,-0.0,-0.0,48610.3,10901.6,9221.4,6.8,4.2,0.0,0.0,0.0
1650974128,7.3,0.6,31568.1,-0.0,-0.0,48610.3,10901.6,9219.6,17.3,4.5,0.0,0.0,0.0
1650974129,0.1,0.1,31568.1,-0.0,-0.0,48610.3,10901.6,9220.7,7.3,4.8,3.0,0.0,103.4
1650974130,0.1,0.1,31568.1,-0.0,-0.0,48610.3,10901.6,9221.2,9.7,7.2,0.0,0.0,0.0
1650974131,0.1,0.1,31568.1,-0.0,-0.0,48610.3,10901.6,9207.8,27.2,8.6,0.0,0.0,0.0
1650974132,0.1,0.1,31568.1,-0.0,-0.0,48610.3,10901.6,9207.9,104.8,7.7,0.0,0.0,0.0
1650974133,0.1,0.1,31568.1,-0.0,-0.0,48610.3,10901.6,9208.3,7.2,4.1,1.0,0.0,123.2
1650974134,0.2,0.1,31568.1,-0.0,-0.0,48610.3,10901.6,9208.4,7.5,4.5,0.0,0.0,0.0
1650974135,0.2,0.2,31568.1,-0.0,-0.0,48610.3,10907.7,9044.4,18.6,9.9,0.0,0.0,0.0
1650974136,0.0,0.0,31568.1,-0.0,-0.0,48610.3,10908.0,9043.4,6.7,3.6,0.0,0.0,0.0
1650974137,0.1,0.1,31568.1,-0.0,-0.0,48610.3,10908.0,9043.5,6.7,3.6,0.0,0.0,0.0
1650974138,0.1,0.1,31568.1,-0.0,-0.0,48610.3,10908.0,9043.5,6.8,3.9,0.0,0.0,67.7
1650974139,0.1,0.1,31568.1,-0.0,-0.0,48610.3,10908.0,9043.5,6.8,3.6,0.0,0.0,0.0
1650974140,0.1,0.0,31568.1,-0.0,-0.0,48610.3,10908.1,9043.4,6.8,3.6,1.0,0.0,39.5
1650974141,0.0,0.1,31568.1,-0.0,-0.0,48610.3,10908.1,9043.6,6.9,3.6,0.0,0.0,0.0
1650974142,0.1,0.1,31568.1,-0.0,-0.0,48610.3,10908.1,9043.4,6.9,3.6,0.0,0.0,0.0
1650974143,0.1,0.0,31568.1,-0.0,-0.0,48610.3,10908.1,9043.6,7.0,3.6,0.0,0.0,0.0
1650974144,0.3,0.1,31568.1,-0.0,-0.0,48610.3,10908.1,9044.3,7.4,4.1,0.0,0.0,0.0
1650974145,0.1,0.0,31568.1,-0.0,-0.0,48610.3,10908.1,9044.3,7.0,3.6,0.0,0.0,0.0
1650974146,0.1,0.1,31568.1,-0.0,-0.0,48610.3,10908.1,9043.7,7.1,3.6,0.0,0.0,0.0
1650974147,0.0,0.1,31568.1,-0.0,-0.0,48610.3,10908.1,9043.8,7.1,3.7,0.0,0.0,0.0
1650974148,0.2,0.1,31568.1,-0.0,-0.0,48610.3,10908.1,9043.6,7.1,3.6,1.0,0.0,790.9
1650974149,0.0,0.1,31568.1,-0.0,-0.0,48610.3,10908.1,9043.8,7.3,3.3,1.0,0.0,23.8
1650974150,0.1,0.1,31568.1,-0.0,-0.0,48610.3,10908.1,9043.6,7.2,3.3,0.0,0.0,0.0
1650974151,0.0,0.0,31568.1,-0.0,-0.0,48610.3,10908.1,9043.6,7.3,3.7,0.0,0.0,0.0
1650974152,0.1,0.1,31568.1,-0.0,-0.0,48610.3,10908.1,9043.7,7.3,3.7,0.0,0.0,0.0
1650974153,0.0,0.1,31568.1,-0.0,-0.0,48610.3,10908.1,9043.8,7.3,3.7,0.0,0.0,0.0
1650974154,0.4,0.1,31568.1,-0.0,-0.0,48610.3,10908.1,9043.9,7.4,3.5,1.0,0.0,4.0
1650974155,0.0,0.0,31568.1,-0.0,-0.0,48610.3,10908.1,9043.8,7.4,3.5,0.0,0.0,0.0
1650974156,0.1,0.1,31568.1,-0.0,-0.0,48610.3,10908.1,9043.9,3.3,3.6,0.0,0.0,0.0
1650974157,0.0,0.1,31568.1,-0.0,-0.0,48610.3,10908.1,9043.8,3.4,3.6,0.0,0.0,0.0
1650974158,0.1,0.0,31568.1,-0.0,-0.0,48610.3,10908.1,9043.9,3.4,3.5,0.0,0.0,0.0
1650974159,0.0,0.1,31568.1,-0.0,-0.0,48610.3,10908.1,9043.8,3.4,3.5,0.0,0.0,0.0
1650974160,0.1,0.0,31568.1,-0.0,-0.0,48610.3,10908.1,9043.9,3.5,3.6,2.0,0.0,15.9
1650974161,0.2,0.1,31568.1,-0.0,-0.0,48610.3,10908.1,9043.9,3.5,3.8,0.0,0.0,0.0
1650974162,0.1,0.1,31568.1,-0.0,-0.0,48610.3,10908.1,9043.9,3.5,4.2,0.0,0.0,0.0
1650974163,0.0,0.1,31568.1,-0.0,-0.0,48610.3,10908.1,9044.0,3.6,3.8,0.0,0.0,0.0
1650974164,0.4,0.2,31568.1,-0.0,-0.0,48610.3,10908.1,9043.7,3.6,3.7,0.0,0.0,0.0
1650974165,0.1,0.1,31568.1,-0.0,-0.0,48610.3,10908.1,9043.6,4.3,4.3,0.0,0.0,0.0
1650974166,0.1,0.0,31568.1,-0.0,-0.0,48610.3,10908.1,9043.7,3.7,3.7,0.0,0.0,0.0
1650974167,0.0,0.1,31568.1,-0.0,-0.0,48610.3,10908.1,9043.8,9.3,4.7,3.0,0.0,31.7
1650974168,0.1,0.1,31568.1,-0.0,-0.0,48610.3,10908.1,9043.7,3.7,3.6,0.0,0.0,0.0
1650974169,0.1,0.1,31568.1,-0.0,-0.0,48610.3,10908.1,9043.7,3.8,3.8,0.0,0.0,0.0
1650974170,0.0,0.2,31568.1,-0.0,-0.0,48610.3,10908.1,9043.7,4.0,3.9,0.0,0.0,0.0
1650974171,0.1,0.1,31568.1,-0.0,-0.0,48610.3,10908.1,9043.6,3.9,3.7,0.0,0.0,0.0
1650974172,0.0,0.1,31568.1,-0.0,-0.0,48610.3,10908.1,9043.7,3.9,3.6,0.0,0.0,0.0
1650974173,0.1,0.0,31568.1,-0.0,-0.0,48610.3,10908.1,9043.6,3.9,3.6,0.0,0.0,0.0
1650974174,0.2,0.1,31568.1,-0.0,-0.0,48610.3,10908.1,9043.9,4.0,3.7,1.0,0.0,31.5
1650974175,0.0,0.0,31568.1,-0.0,-0.0,48610.3,10908.1,9043.9,4.0,3.6,0.0,0.0,0.0
1650974176,0.1,0.0,31568.1,-0.0,-0.0,48610.3,10908.1,9044.0,4.1,3.6,0.0,0.0,0.0
1650974177,0.1,0.0,31568.1,-0.0,-0.0,48610.3,10908.1,9043.9,4.1,3.5,0.0,0.0,0.0
1650974178,0.0,0.1,31568.1,-0.0,-0.0,48610.3,10908.1,9043.9,4.1,3.6,0.0,0.0,0.0
1650974179,0.1,0.0,31568.1,-0.0,-0.0,48610.3,10908.1,9043.9,4.2,3.6,2.0,0.0,15.9
1650974180,0.0,0.0,31568.1,-0.0,-0.0,48610.3,10908.1,9044.0,4.2,3.6,0.0,0.0,0.0
1650974181,0.0,0.1,31568.1,-0.0,-0.0,48610.3,10908.1,9043.8,4.2,3.5,0.0,0.0,0.0
1650974182,0.1,0.1,31568.1,-0.0,-0.0,48610.3,10908.1,9043.9,4.3,3.6,0.0,0.0,0.0
1650974183,0.1,0.1,31568.1,-0.0,-0.0,48610.3,10908.1,9043.9,4.3,3.7,0.0,0.0,0.0
1650974184,0.2,0.1,31568.1,-0.0,-0.0,48610.3,10908.1,9044.1,4.4,3.7,1.0,0.0,1130.7
1650974185,0.1,0.1,31568.1,-0.0,-0.0,48610.3,10908.1,9044.1,4.4,3.6,0.0,0.0,0.0
1650974186,0.1,0.1,31568.1,-0.0,-0.0,48610.3,10908.1,9044.2,4.4,3.5,0.0,0.0,0.0
1650974187,0.1,0.1,31568.1,-0.0,-0.0,48610.3,10908.1,9044.0,4.5,3.2,0.0,0.0,0.0
1650974188,0.0,0.1,31568.1,-0.0,-0.0,48610.3,10908.1,9044.2,4.5,3.1,0.0,0.0,0.0
1650974189,0.0,0.1,31568.1,-0.0,-0.0,48610.3,10908.1,9044.0,4.5,3.6,3.0,0.0,23.8
1650974190,0.1,0.1,31568.1,-0.0,-0.0,48610.3,10908.1,9043.9,4.8,3.9,0.0,0.0,0.0
1650974191,0.0,0.0,31568.1,-0.0,-0.0,48610.3,10908.1,9044.2,4.9,4.0,0.0,0.0,0.0
1650974192,0.1,0.1,31568.1,-0.0,-0.0,48610.3,10908.1,9044.1,4.7,4.1,0.0,0.0,0.0
1650974193,0.0,0.1,31568.1,-0.0,-0.0,48610.3,10908.1,9044.1,4.7,3.6,0.0,0.0,0.0
1650974194,0.3,0.1,31568.1,-0.0,-0.0,48610.3,10908.1,9044.4,4.8,3.5,0.0,0.0,75.6
1650974195,0.1,0.1,31568.1,-0.0,-0.0,48610.3,10908.1,9043.8,6.8,5.2,0.0,0.0,0.0
1650974196,0.1,0.1,31568.1,-0.0,-0.0,48610.3,10908.1,9043.7,4.8,3.6,0.0,0.0,0.0
1650974197,0.0,0.1,31568.1,-0.0,-0.0,48610.3,10908.1,9043.8,4.9,3.6,0.0,0.0,0.0
1650974198,0.0,0.1,31568.1,-0.0,-0.0,48610.3,10908.1,9043.8,5.0,3.9,0.0,0.0,0.0
1650974199,0.1,0.0,31568.1,-0.0,-0.0,48610.3,10908.1,9043.8,4.9,3.5,3.9,0.0,35.5
1650974200,0.0,0.1,31568.1,-0.0,-0.0,48610.3,10908.1,9043.9,5.0,3.6,0.0,0.0,0.0
1650974201,0.0,0.0,31568.1,-0.0,-0.0,48610.3,10908.1,9043.8,5.1,3.6,0.0,0.0,0.0
1650974202,0.1,0.0,31568.1,-0.0,-0.0,48610.3,10908.1,9043.8,5.1,3.7,0.0,0.0,0.0
1650974203,0.2,0.2,31568.1,-0.0,-0.0,48610.3,10908.1,9044.2,5.6,4.2,0.0,0.0,0.0
1650974204,0.1,0.1,31568.1,-0.0,-0.0,48610.3,10908.1,9044.0,5.2,4.3,0.0,0.0,0.0
1650974205,0.0,0.1,31568.1,-0.0,-0.0,48610.3,10908.1,9044.1,5.2,3.6,0.0,0.0,0.0
1650974206,0.1,0.1,31568.1,-0.0,-0.0,48610.3,10908.1,9044.1,5.2,3.9,0.0,0.0,0.0
1650974207,0.1,0.1,31568.1,-0.0,-0.0,48610.3,10908.1,9044.1,5.3,3.7,0.0,0.0,0.0
1650974208,0.1,0.0,31568.1,-0.0,-0.0,48610.3,10908.1,9044.0,5.3,3.7,0.0,0.0,0.0
1650974209,0.1,0.1,31568.1,-0.0,-0.0,48610.3,10908.1,9044.0,5.3,3.6,3.0,0.0,43.7
1650974210,0.0,0.1,31568.1,-0.0,-0.0,48610.3,10908.1,9044.0,5.4,3.6,0.0,0.0,0.0
1650974211,0.1,0.1,31568.1,-0.0,-0.0,48610.3,10908.1,9043.1,5.5,3.8,0.0,0.0,0.0
1650974212,0.0,0.0,31568.1,-0.0,-0.0,48610.3,10908.1,9043.1,5.7,3.9,0.0,0.0,0.0
1650974213,0.3,0.1,31568.1,-0.0,-0.0,48610.3,10908.1,9043.3,5.5,3.8,0.0,0.0,0.0
1650974214,0.0,0.0,31568.1,-0.0,-0.0,48610.3,10908.1,9043.3,5.5,3.9,0.0,0.0,0.0
1650974215,0.0,0.2,31568.1,-0.0,-0.0,48610.3,10908.2,9043.3,5.5,4.1,0.0,0.0,0.0
1650974216,0.1,0.0,31568.1,-0.0,-0.0,48610.3,10908.1,9043.4,5.6,3.9,0.0,0.0,0.0
1650974217,0.1,0.0,31568.1,-0.0,-0.0,48610.3,10908.2,9043.3,5.7,3.9,0.0,0.0,0.0
1650974218,0.0,0.1,31568.1,-0.0,-0.0,48610.3,10908.2,9043.3,5.7,3.9,0.0,0.0,0.0
1650974219,0.0,0.1,31568.1,-0.0,-0.0,48610.3,10908.2,9043.3,5.7,3.7,3.0,0.0,15.9
1650974220,0.1,0.0,31568.1,-0.0,-0.0,48610.3,10908.1,9043.4,5.7,3.6,0.0,0.0,0.0
1650974221,0.1,0.1,31568.1,-0.0,-0.0,48610.3,10908.2,9043.3,5.8,3.5,0.0,0.0,0.0
1650974222,0.0,0.1,31568.1,-0.0,-0.0,48610.3,10908.2,9043.3,5.8,4.3,0.0,0.0,0.0
1650974223,0.4,0.2,31568.1,-0.0,-0.0,48610.3,10908.2,9044.1,5.9,3.8,0.0,0.0,0.0
1650974224,0.0,0.1,31568.1,-0.0,-0.0,48610.3,10908.2,9044.0,5.9,3.8,0.0,0.0,0.0
1650974225,0.1,0.1,31568.1,-0.0,-0.0,48610.3,10908.2,9044.3,6.6,4.4,0.0,0.0,1117.0
1650974226,0.1,0.1,31568.1,-0.0,-0.0,48610.3,10908.2,9044.4,6.0,3.4,0.0,0.0,0.0
1650974227,0.1,0.1,31568.1,-0.0,-0.0,48610.3,10908.2,9044.2,6.1,3.5,0.0,0.0,0.0
1650974228,0.0,0.0,31568.1,-0.0,-0.0,48610.3,10908.2,9044.2,6.1,3.6,0.0,0.0,0.0
1650974230,0.1,0.0,31568.1,-0.0,-0.0,48610.3,10908.2,9044.3,6.1,3.5,3.0,0.0,35.7
1650974231,0.1,0.1,31568.1,-0.0,-0.0,48610.3,10908.2,9044.3,6.3,3.6,0.0,0.0,3.9
1650974232,0.0,0.1,31568.1,-0.0,-0.0,48610.3,10908.2,9044.4,6.2,3.5,0.0,0.0,0.0
1650974233,0.1,0.0,31568.1,-0.0,-0.0,48610.3,10908.2,9044.5,6.2,3.5,0.0,0.0,0.0
1650974234,0.2,0.1,31568.1,-0.0,-0.0,48610.3,10908.2,9044.5,6.3,3.9,0.0,0.0,0.0
1650974235,0.1,0.1,31568.1,-0.0,-0.0,48610.3,10908.2,9044.5,6.3,3.7,0.0,0.0,0.0
1650974236,0.0,0.0,31568.1,-0.0,-0.0,48610.3,10908.2,9044.7,6.4,3.7,0.0,0.0,0.0
1650974237,0.1,0.1,31568.1,-0.0,-0.0,48610.3,10908.2,9044.5,6.4,3.6,3.0,0.0,15.9
1650974238,0.1,0.1,31568.1,-0.0,-0.0,48610.3,10908.2,9044.5,6.4,3.6,0.0,0.0,0.0
1650974239,0.0,0.1,31568.1,-0.0,-0.0,48610.3,10908.2,9044.6,6.5,3.5,0.0,0.0,0.0
1650974240,0.1,0.1,31568.1,-0.0,-0.0,48610.3,10908.2,9044.6,6.5,5.2,0.0,0.0,0.0
1650974241,0.0,0.1,31568.1,-0.0,-0.0,48610.3,10908.2,9044.6,6.5,3.7,0.0,0.0,0.0
1650974242,0.0,0.0,31568.1,-0.0,-0.0,48610.3,10908.2,9044.4,6.6,3.8,0.0,0.0,0.0
1650974243,0.1,0.1,31568.1,-0.0,-0.0,48610.3,10908.2,9044.4,6.6,3.7,0.0,0.0,0.0
1650974244,0.3,0.0,31568.1,-0.0,-0.0,48610.3,10908.2,9045.0,6.7,3.7,0.0,0.0,0.0
1650974245,0.0,0.1,31568.1,-0.0,-0.0,48610.3,10908.2,9044.8,6.7,3.7,0.0,0.0,0.0
1650974246,0.1,0.1,31568.1,-0.0,-0.0,48610.3,10908.2,9044.7,6.7,3.6,0.0,0.0,0.0
1650974247,0.0,0.0,31568.1,-0.0,-0.0,48610.3,10908.2,9044.6,6.8,3.9,0.0,0.0,0.0
1650974248,0.1,0.1,31568.1,-0.0,-0.0,48610.3,10908.2,9044.7,6.8,3.6,0.0,0.0,0.0
1650974249,0.0,0.0,31568.1,-0.0,-0.0,48610.3,10908.2,9044.7,6.9,3.6,0.0,0.0,0.0
1650974250,0.0,0.1,31568.1,-0.0,-0.0,48610.3,10908.2,9044.7,6.9,3.8,3.0,0.0,15.9
1650974251,0.1,0.1,31568.1,-0.0,-0.0,48610.3,10908.2,9044.8,7.1,3.8,0.0,0.0,27.8
1650974252,0.1,0.0,31568.1,-0.0,-0.0,48610.3,10908.2,9044.8,7.1,3.8,0.0,0.0,0.0
1650974253,0.1,0.1,31568.1,-0.0,-0.0,48610.3,10908.2,9044.9,7.0,4.3,0.0,0.0,0.0
1650974254,0.2,0.1,31568.1,-0.0,-0.0,48610.3,10908.2,9044.9,7.0,3.8,0.0,0.0,0.0
1650974255,0.0,0.1,31568.1,-0.0,-0.0,48610.3,10908.2,9044.8,7.1,3.8,0.0,0.0,0.0
1650974256,0.1,0.1,31568.1,-0.0,-0.0,48610.3,10908.2,9044.9,7.1,4.0,0.0,0.0,47.7
1650974257,0.1,0.1,31568.1,-0.0,-0.0,48610.3,10908.2,9044.9,7.2,3.6,0.0,0.0,0.0
1650974258,0.0,0.1,31568.1,-0.0,-0.0,48610.3,10908.2,9044.9,7.3,3.8,0.0,0.0,0.0
1650974259,0.1,0.1,31568.1,-0.0,-0.0,48610.3,10908.2,9044.9,7.2,3.9,0.0,0.0,0.0
1650974260,0.1,0.0,31568.1,-0.0,-0.0,48610.3,10908.2,9044.8,7.3,4.4,3.0,0.0,27.8
1650974261,0.0,0.1,31568.1,-0.0,-0.0,48610.3,10908.2,9045.0,7.3,3.6,0.0,0.0,0.0
1650974262,0.1,0.1,31568.1,-0.0,-0.0,48610.3,10908.2,9045.0,7.3,3.8,0.0,0.0,0.0
1650974263,0.1,0.0,31568.1,-0.0,-0.0,48610.3,10908.2,9044.9,7.4,3.7,0.0,0.0,0.0
1650974264,0.2,0.1,31568.1,-0.0,-0.0,48610.3,10908.2,9045.0,7.9,4.3,0.0,0.0,0.0
1650974265,0.1,0.1,31568.1,-0.0,-0.0,48610.3,10908.2,9045.1,3.3,3.2,0.0,0.0,0.0
1650974266,0.0,0.1,31568.1,-0.0,-0.0,48610.3,10908.2,9045.2,3.4,3.4,1.0,0.0,792.9
1650974267,0.1,0.1,31568.1,-0.0,-0.0,48610.3,10908.2,9045.1,3.4,3.8,0.0,0.0,0.0
1650974268,0.1,0.1,31568.1,-0.0,-0.0,48610.3,10908.2,9045.2,3.4,3.7,0.0,0.0,0.0
1650974269,0.0,0.1,31568.1,-0.0,-0.0,48610.3,10908.2,9045.3,3.5,3.6,2.0,0.0,23.7
1650974270,0.0,0.0,31568.1,-0.0,-0.0,48610.3,10908.2,9045.3,3.5,3.7,0.0,0.0,0.0
1650974271,0.0,0.0,31568.1,-0.0,-0.0,48610.3,10908.2,9045.3,3.5,3.6,0.0,0.0,0.0
1650974272,0.1,0.1,31568.1,-0.0,-0.0,48610.3,10908.2,9045.1,3.6,3.8,0.0,0.0,0.0
1650974273,0.0,0.1,31568.1,-0.0,-0.0,48610.3,10908.2,9045.1,3.6,3.6,0.0,0.0,0.0
1650974274,0.3,0.1,31568.1,-0.0,-0.0,48610.3,10908.2,9045.3,3.7,3.8,0.0,0.0,0.0
1650974275,0.0,0.1,31568.1,-0.0,-0.0,48610.3,10908.3,9045.3,3.7,3.8,0.0,0.0,0.0
1650974276,0.1,0.1,31568.1,-0.0,-0.0,48610.3,10908.2,9045.3,3.7,3.5,0.0,0.0,0.0
1650974277,0.0,0.1,31568.1,-0.0,-0.0,48610.3,10908.2,9045.4,3.8,3.8,0.0,0.0,0.0
1650974278,0.1,0.0,31568.1,-0.0,-0.0,48610.3,10908.3,9045.4,3.8,3.5,0.0,0.0,0.0
1650974279,0.1,0.0,31568.1,-0.0,-0.0,48610.3,10908.2,9045.4,3.9,3.8,0.0,0.0,0.0
1650974280,0.1,0.1,31568.1,-0.0,-0.0,48610.3,10908.3,9045.4,3.9,3.6,2.0,0.0,15.9
1650974281,0.1,0.1,31568.1,-0.0,-0.0,48610.3,10908.3,9045.4,3.9,3.7,0.0,0.0,0.0
1650974282,0.1,0.0,31568.1,-0.0,-0.0,48610.3,10908.3,9045.4,4.0,4.2,0.0,0.0,0.0
1650974283,0.1,0.1,31568.1,-0.0,-0.0,48610.3,10908.3,9045.4,4.0,3.7,0.0,0.0,0.0
1650974284,0.3,0.2,31568.1,-0.0,-0.0,48610.3,10908.3,9045.2,4.0,3.8,0.0,0.0,0.0
1650974285,0.1,0.0,31568.1,-0.0,-0.0,48610.3,10908.3,9045.3,4.3,4.0,0.0,0.0,0.0
1650974286,0.1,0.1,31568.1,-0.0,-0.0,48610.3,10908.3,9045.5,4.5,4.1,0.0,0.0,0.0
1650974287,0.1,0.1,31568.1,-0.0,-0.0,48610.3,10908.3,9045.5,4.1,3.8,0.0,0.0,0.0
1650974288,0.0,0.1,31568.1,-0.0,-0.0,48610.3,10908.3,9045.5,4.2,3.7,0.0,0.0,0.0
1650974289,0.1,0.0,31568.1,-0.0,-0.0,48610.3,10908.3,9045.6,4.2,3.8,4.0,0.0,31.7
1650974290,0.1,0.1,31568.1,-0.0,-0.0,48610.3,10908.3,9045.5,4.4,3.7,0.0,0.0,0.0
1650974291,0.1,0.1,31568.1,-0.0,-0.0,48610.3,10908.3,9045.5,4.3,4.0,0.0,0.0,0.0
1650974292,0.0,0.1,31568.1,-0.0,-0.0,48610.3,10908.3,9045.6,4.3,3.8,0.0,0.0,35.8
1650974293,0.1,0.1,31568.1,-0.0,-0.0,48610.3,10908.3,9045.5,4.4,3.7,0.0,0.0,0.0
1650974294,0.2,0.0,31568.1,-0.0,-0.0,48610.3,10908.3,9045.7,4.4,3.6,0.0,0.0,0.0
1650974295,0.1,0.1,31568.1,-0.0,-0.0,48610.3,10908.3,9045.7,4.4,3.6,0.0,0.0,0.0
1650974296,0.1,0.0,31568.1,-0.0,-0.0,48610.3,10908.3,9045.8,4.5,3.5,0.0,0.0,0.0
1650974297,0.1,0.0,31568.1,-0.0,-0.0,48610.3,10908.3,9045.7,4.5,3.6,0.0,0.0,0.0
1650974298,0.0,0.1,31568.1,-0.0,-0.0,48610.3,10908.3,9045.8,4.5,3.7,0.0,0.0,0.0
1650974299,0.1,0.1,31568.1,-0.0,-0.0,48610.3,10908.3,9045.7,4.7,3.6,3.0,0.0,15.9
1650974300,0.0,0.0,31568.1,-0.0,-0.0,48610.3,10908.3,9045.6,4.7,3.7,0.0,0.0,0.0
1650974301,0.0,0.1,31568.1,-0.0,-0.0,48610.3,10908.3,9045.9,4.7,3.7,0.0,0.0,0.0
1650974302,0.1,0.1,31568.1,-0.0,-0.0,48610.3,10908.3,9045.8,4.8,4.0,0.0,0.0,0.0
1650974303,0.1,0.1,31568.1,-0.0,-0.0,48610.3,10908.3,9045.7,4.8,3.7,0.0,0.0,0.0
1650974304,0.2,0.1,31568.1,-0.0,-0.0,48610.3,10908.3,9045.9,4.8,3.4,0.0,0.0,0.0
1650974305,0.1,0.0,31568.1,-0.0,-0.0,48610.3,10908.3,9045.9,4.9,3.5,0.0,0.0,0.0
1650974306,0.0,0.1,31568.1,-0.0,-0.0,48610.3,10908.3,9045.9,4.9,3.7,0.0,0.0,0.0
1650974307,0.1,0.0,31568.1,-0.0,-0.0,48610.3,10908.3,9046.0,4.9,3.6,0.0,0.0,1114.5
1650974308,0.0,0.1,31568.1,-0.0,-0.0,48610.3,10908.3,9045.9,5.0,3.7,0.0,0.0,0.0
1650974309,0.1,0.0,31568.1,-0.0,-0.0,48610.3,10908.3,9045.9,5.0,3.9,0.0,0.0,0.0
1650974310,0.0,0.1,31568.1,-0.0,-0.0,48610.3,10908.3,9045.9,5.0,3.5,3.0,0.0,23.8
1650974311,0.1,0.1,31568.1,-0.0,-0.0,48610.3,10908.3,9045.8,5.3,3.8,0.0,0.0,0.0
1650974312,0.1,0.1,31568.1,-0.0,-0.0,48610.3,10908.3,9046.0,5.3,4.4,0.0,0.0,0.0
1650974313,0.1,0.1,31568.1,-0.0,-0.0,48610.3,10908.3,9046.0,5.1,3.6,0.0,0.0,0.0
1650974314,0.3,0.1,31568.1,-0.0,-0.0,48610.3,10908.3,9046.1,5.2,3.7,0.0,0.0,0.0
1650974315,0.4,0.7,31568.1,-0.0,-0.0,48610.3,10908.3,9046.2,11.5,32.4,0.0,0.0,11.9
1650974316,0.1,0.1,31568.1,-0.0,-0.0,48610.3,10908.3,9046.2,5.2,3.7,0.0,0.0,0.0
1650974317,0.1,0.0,31568.1,-0.0,-0.0,48610.3,10908.3,9046.2,5.3,3.8,0.0,0.0,47.6
1650974318,0.1,0.0,31568.1,-0.0,-0.0,48610.3,10908.3,9046.2,5.4,4.2,0.0,0.0,0.0
1650974319,0.0,0.1,31568.1,-0.0,-0.0,48610.3,10908.3,9046.2,5.5,3.7,3.0,0.0,123.3
1650974320,0.1,0.1,31568.1,-0.0,-0.0,48610.3,10908.3,9046.3,5.4,3.8,0.0,0.0,0.0
1650974321,0.0,0.1,31568.1,-0.0,-0.0,48610.3,10908.3,9046.1,5.5,3.7,0.0,0.0,0.0
1650974322,0.1,0.0,31568.1,-0.0,-0.0,48610.3,10908.3,9046.2,5.5,3.8,0.0,0.0,0.0
1650974323,0.0,0.2,31568.1,-0.0,-0.0,48610.3,10908.3,9046.2,5.9,4.0,0.0,0.0,0.0
